[{"Source":"codec_gpb_test","Telemetry":{"node_id_str":"uut","subscription_id_str":"test","encoding_path":"Cisco-IOS-XR-infra-statsd-oper:infra-statistics/interfaces/interface/latest/generic-counters","collection_id":111808,"collection_start_time":1471785717681,"msg_timestamp":1471785717681,"collection_end_time":1471785717709},"Rows":[{"Timestamp":1471785717706,"Keys":{"interface-name":"Null0"},"Content":{"applique":0,"availability-flag":0,"broadcast-packets-received":0,"broadcast-packets-sent":0,"bytes-received":0,"bytes-sent":0,"carrier-transitions":0,"crc-errors":0,"framing-errors-received":0,"giant-packets-received":0,"input-aborts":0,"input-drops":0,"input-errors":0,"input-ignored-packets":0,"input-overruns":0,"input-queue-drops":0,"last-data-time":1471785705,"last-discontinuity-time":1471468359,"multicast-packets-received":0,"multicast-packets-sent":0,"output-buffer-failures":0,"output-buffers-swapped-out":0,"output-drops":0,"output-errors":0,"output-queue-drops":0,"output-underruns":0,"packets-received":0,"packets-sent":0,"parity-packets-received":0,"resets":0,"runt-packets-received":0,"seconds-since-last-clear-counters":0,"seconds-since-packet-received":4294967295,"seconds-since-packet-sent":4294967295,"throttled-packets-received":0,"unknown-protocol-packets-received":0}},{"Timestamp":1471785717706,"Keys":{"interface-name":"MgmtEth0/RP0/CPU0/0"},"Content":{"applique":0,"availability-flag":0,"broadcast-packets-received":0,"broadcast-packets-sent":0,"bytes-received":0,"bytes-sent":0,"carrier-transitions":0,"crc-errors":0,"framing-errors-received":0,"giant-packets-received":0,"input-aborts":0,"input-drops":0,"input-errors":0,"input-ignored-packets":0,"input-overruns":0,"input-queue-drops":0,"last-data-time":1471785717,"last-discontinuity-time":1471468333,"multicast-packets-received":0,"multicast-packets-sent":0,"output-buffer-failures":0,"output-buffers-swapped-out":0,"output-drops":0,"output-errors":0,"output-queue-drops":0,"output-underruns":0,"packets-received":0,"packets-sent":0,"parity-packets-received":0,"resets":0,"runt-packets-received":0,"seconds-since-last-clear-counters":0,"seconds-since-packet-received":4294967295,"seconds-since-packet-sent":4294967295,"throttled-packets-received":0,"unknown-protocol-packets-received":0}},{"Timestamp":1471785717706,"Keys":{"interface-name":"te-mytunnel"},"Content":{"applique":0,"availability-flag":2147476720,"broadcast-packets-received":0,"broadcast-packets-sent":0,"bytes-received":0,"bytes-sent":0,"carrier-transitions":0,"crc-errors":0,"framing-errors-received":0,"giant-packets-received":0,"input-aborts":0,"input-drops":0,"input-errors":0,"input-ignored-packets":0,"input-overruns":0,"input-queue-drops":0,"last-data-time":1471785717,"last-discontinuity-time":1471468418,"multicast-packets-received":0,"multicast-packets-sent":0,"output-buffer-failures":0,"output-buffers-swapped-out":0,"output-drops":0,"output-errors":0,"output-queue-drops":0,"output-underruns":0,"packets-received":0,"packets-sent":0,"parity-packets-received":0,"resets":0,"runt-packets-received":0,"seconds-since-last-clear-counters":0,"seconds-since-packet-received":4294967295,"seconds-since-packet-sent":4294967295,"throttled-packets-received":0,"unknown-protocol-packets-received":0}},{"Timestamp":1471785717706,"Keys":{"interface-name":"tunnel-te0"},"Content":{"applique":0,"availability-flag":2147476720,"broadcast-packets-received":0,"broadcast-packets-sent":0,"bytes-received":0,"bytes-sent":6308,"carrier-transitions":0,"crc-errors":0,"framing-errors-received":0,"giant-packets-received":0,"input-aborts":0,"input-drops":0,"input-errors":0,"input-ignored-packets":0,"input-overruns":0,"input-queue-drops":0,"last-data-time":1471785717,"last-discontinuity-time":1471468429,"multicast-packets-received":0,"multicast-packets-sent":0,"output-buffer-failures":0,"output-buffers-swapped-out":0,"output-drops":0,"output-errors":0,"output-queue-drops":0,"output-underruns":0,"packets-received":0,"packets-sent":49,"parity-packets-received":0,"resets":0,"runt-packets-received":0,"seconds-since-last-clear-counters":0,"seconds-since-packet-received":4294967295,"seconds-since-packet-sent":315397,"throttled-packets-received":0,"unknown-protocol-packets-received":0}},{"Timestamp":1471785717706,"Keys":{"interface-name":"GigabitEthernet0/0/0/0"},"Content":{"applique":0,"availability-flag":0,"broadcast-packets-received":34,"broadcast-packets-sent":1,"bytes-received":480002151,"bytes-sent":5596301200,"carrier-transitions":0,"crc-errors":0,"framing-errors-received":0,"giant-packets-received":0,"input-aborts":0,"input-drops":0,"input-errors":0,"input-ignored-packets":0,"input-overruns":0,"input-queue-drops":0,"last-data-time":1471785707,"last-discontinuity-time":1471468451,"multicast-packets-received":0,"multicast-packets-sent":0,"output-buffer-failures":0,"output-buffers-swapped-out":0,"output-drops":0,"output-errors":0,"output-queue-drops":0,"output-underruns":0,"packets-received":2108780,"packets-sent":4436534,"parity-packets-received":0,"resets":0,"runt-packets-received":0,"seconds-since-last-clear-counters":0,"seconds-since-packet-received":0,"seconds-since-packet-sent":0,"throttled-packets-received":0,"unknown-protocol-packets-received":0}},{"Timestamp":1471785717706,"Keys":{"interface-name":"GigabitEthernet0/0/0/2"},"Content":{"applique":0,"availability-flag":0,"broadcast-packets-received":0,"broadcast-packets-sent":0,"bytes-received":1184,"bytes-sent":119325018,"carrier-transitions":0,"crc-errors":0,"framing-errors-received":0,"giant-packets-received":0,"input-aborts":0,"input-drops":0,"input-errors":0,"input-ignored-packets":0,"input-overruns":0,"input-queue-drops":0,"last-data-time":1471785707,"last-discontinuity-time":1471468451,"multicast-packets-received":0,"multicast-packets-sent":0,"output-buffer-failures":0,"output-buffers-swapped-out":0,"output-drops":0,"output-errors":0,"output-queue-drops":0,"output-underruns":0,"packets-received":14,"packets-sent":179811,"parity-packets-received":0,"resets":0,"runt-packets-received":0,"seconds-since-last-clear-counters":0,"seconds-since-packet-received":317266,"seconds-since-packet-sent":0,"throttled-packets-received":0,"unknown-protocol-packets-received":0}},{"Timestamp":1471785717706,"Keys":{"interface-name":"GigabitEthernet0/0/0/1"},"Content":{"applique":0,"availability-flag":0,"broadcast-packets-received":0,"broadcast-packets-sent":58565,"bytes-received":1442,"bytes-sent":124591504,"carrier-transitions":0,"crc-errors":0,"framing-errors-received":0,"giant-packets-received":0,"input-aborts":0,"input-drops":0,"input-errors":0,"input-ignored-packets":0,"input-overruns":0,"input-queue-drops":0,"last-data-time":1471785707,"last-discontinuity-time":1471468451,"multicast-packets-received":0,"multicast-packets-sent":0,"output-buffer-failures":0,"output-buffers-swapped-out":0,"output-drops":0,"output-errors":0,"output-queue-drops":0,"output-underruns":0,"packets-received":17,"packets-sent":298683,"parity-packets-received":0,"resets":0,"runt-packets-received":0,"seconds-since-last-clear-counters":0,"seconds-since-packet-received":317236,"seconds-since-packet-sent":0,"throttled-packets-received":0,"unknown-protocol-packets-received":0}}]},{"Source":"codec_gpb_test","Telemetry":{"node_id_str":"uut","subscription_id_str":"test","encoding_path":"Cisco-IOS-XR-wdsysmon-fd-oper:system-monitoring/cpu-utilization","collection_id":111814,"collection_start_time":1471794103827,"msg_timestamp":1471794103827,"collection_end_time":1471794103839},"Rows":[{"Timestamp":1471794103836,"Keys":{"node-name":"0/RP0/CPU0"},"Content":{"process-cpu_PIPELINE_EDIT":[{"process-cpu-fifteen-minute":0,"process-cpu-five-minute":0,"process-cpu-one-minute":0,"process-id":1,"process-name":"init"},{"process-cpu-fifteen-minute":0,"process-cpu-five-minute":0,"process-cpu-one-minute":0,"process-id":1959,"process-name":"bash"},{"process-cpu-fifteen-minute":0,"process-cpu-five-minute":0,"process-cpu-one-minute":0,"process-id":1981,"process-name":"sh"},{"process-cpu-fifteen-minute":0,"process-cpu-five-minute":0,"process-cpu-one-minute":0,"process-id":1982,"process-name":"bash"},{"process-cpu-fifteen-minute":0,"process-cpu-five-minute":0,"process-cpu-one-minute":0,"process-id":2005,"process-name":"cgroup_oom"},{"process-cpu-fifteen-minute":0,"process-cpu-five-minute":0,"process-cpu-one-minute":0,"process-id":2114,"process-name":"bash"},{"process-cpu-fifteen-minute":0,"process-cpu-five-minute":0,"process-cpu-one-minute":0,"process-id":2119,"process-name":"bash"},{"process-cpu-fifteen-minute":0,"process-cpu-five-minute":0,"process-cpu-one-minute":0,"process-id":2136,"process-name":"inotifywait"},{"process-cpu-fifteen-minute":0,"process-cpu-five-minute":0,"process-cpu-one-minute":0,"process-id":2138,"process-name":"bash"},{"process-cpu-fifteen-minute":0,"process-cpu-five-minute":0,"process-cpu-one-minute":0,"process-id":2152,"process-name":"dbus-daemon"},{"process-cpu-fifteen-minute":0,"process-cpu-five-minute":0,"process-cpu-one-minute":0,"process-id":2163,"process-name":"sshd"},{"process-cpu-fifteen-minute":0,"process-cpu-five-minute":0,"process-cpu-one-minute":0,"process-id":2170,"process-name":"rpcbind"},{"process-cpu-fifteen-minute":0,"process-cpu-five-minute":0,"process-cpu-one-minute":0,"process-id":2255,"process-name":"syslogd"},{"process-cpu-fifteen-minute":0,"process-cpu-five-minute":0,"process-cpu-one-minute":0,"process-id":2270,"process-name":"xinetd"},{"process-cpu-fifteen-minute":0,"process-cpu-five-minute":0,"process-cpu-one-minute":0,"process-id":2282,"process-name":"lighttpd"},{"process-cpu-fifteen-minute":0,"process-cpu-five-minute":0,"process-cpu-one-minute":0,"process-id":2288,"process-name":"crond"},{"process-cpu-fifteen-minute":0,"process-cpu-five-minute":0,"process-cpu-one-minute":0,"process-id":2450,"process-name":"sh"},{"process-cpu-fifteen-minute":0,"process-cpu-five-minute":0,"process-cpu-one-minute":0,"process-id":3031,"process-name":"bash"},{"process-cpu-fifteen-minute":0,"process-cpu-five-minute":0,"process-cpu-one-minute":0,"process-id":3032,"process-name":"dsr"},{"process-cpu-fifteen-minute":0,"process-cpu-five-minute":0,"process-cpu-one-minute":0,"process-id":3057,"process-name":"ds"},{"process-cpu-fifteen-minute":0,"process-cpu-five-minute":0,"process-cpu-one-minute":0,"process-id":3059,"process-name":"bash"},{"process-cpu-fifteen-minute":0,"process-cpu-five-minute":0,"process-cpu-one-minute":0,"process-id":3062,"process-name":"dev_inotify_hdlr"},{"process-cpu-fifteen-minute":0,"process-cpu-five-minute":0,"process-cpu-one-minute":0,"process-id":3063,"process-name":"dev_inotify_hdlr"},{"process-cpu-fifteen-minute":0,"process-cpu-five-minute":0,"process-cpu-one-minute":0,"process-id":3127,"process-name":"processmgr"},{"process-cpu-fifteen-minute":0,"process-cpu-five-minute":0,"process-cpu-one-minute":0,"process-id":3167,"process-name":"devc-conaux-aux"},{"process-cpu-fifteen-minute":0,"process-cpu-five-minute":0,"process-cpu-one-minute":0,"process-id":3171,"process-name":"devc-conaux-con"},{"process-cpu-fifteen-minute":0,"process-cpu-five-minute":0,"process-cpu-one-minute":0,"process-id":3176,"process-name":"shmwin_svr"},{"process-cpu-fifteen-minute":0,"process-cpu-five-minute":0,"process-cpu-one-minute":0,"process-id":3177,"process-name":"sdr_invmgr"},{"process-cpu-fifteen-minute":0,"process-cpu-five-minute":0,"process-cpu-one-minute":0,"process-id":3180,"process-name":"vm-monitor"},{"process-cpu-fifteen-minute":0,"process-cpu-five-minute":0,"process-cpu-one-minute":0,"process-id":3181,"process-name":"dumper"},{"process-cpu-fifteen-minute":0,"process-cpu-five-minute":0,"process-cpu-one-minute":0,"process-id":3182,"process-name":"qsm"},{"process-cpu-fifteen-minute":0,"process-cpu-five-minute":0,"process-cpu-one-minute":0,"process-id":3190,"process-name":"correlatord"},{"process-cpu-fifteen-minute":0,"process-cpu-five-minute":0,"process-cpu-one-minute":0,"process-id":3195,"process-name":"issudir"},{"process-cpu-fifteen-minute":0,"process-cpu-five-minute":0,"process-cpu-one-minute":0,"process-id":3203,"process-name":"syslogd"},{"process-cpu-fifteen-minute":0,"process-cpu-five-minute":0,"process-cpu-one-minute":0,"process-id":3215,"process-name":"nrssvr_global"},{"process-cpu-fifteen-minute":0,"process-cpu-five-minute":0,"process-cpu-one-minute":0,"process-id":3228,"process-name":"syslogd_helper"},{"process-cpu-fifteen-minute":0,"process-cpu-five-minute":0,"process-cpu-one-minute":0,"process-id":3250,"process-name":"invmgr_proxy"},{"process-cpu-fifteen-minute":0,"process-cpu-five-minute":0,"process-cpu-one-minute":0,"process-id":3254,"process-name":"syslog_dev"},{"process-cpu-fifteen-minute":0,"process-cpu-five-minute":0,"process-cpu-one-minute":0,"process-id":3262,"process-name":"sysdb_shared_data_nc"},{"process-cpu-fifteen-minute":0,"process-cpu-five-minute":0,"process-cpu-one-minute":0,"process-id":3264,"process-name":"tty_exec_launcher"},{"process-cpu-fifteen-minute":0,"process-cpu-five-minute":0,"process-cpu-one-minute":0,"process-id":3270,"process-name":"spp"},{"process-cpu-fifteen-minute":0,"process-cpu-five-minute":0,"process-cpu-one-minute":0,"process-id":3271,"process-name":"sysdb_shared_nc"},{"process-cpu-fifteen-minute":0,"process-cpu-five-minute":0,"process-cpu-one-minute":0,"process-id":3273,"process-name":"packet"},{"process-cpu-fifteen-minute":0,"process-cpu-five-minute":0,"process-cpu-one-minute":0,"process-id":3285,"process-name":"sysdb_shared_sc"},{"process-cpu-fifteen-minute":0,"process-cpu-five-minute":0,"process-cpu-one-minute":0,"process-id":3292,"process-name":"chkpt_proxy"},{"process-cpu-fifteen-minute":0,"process-cpu-five-minute":0,"process-cpu-one-minute":0,"process-id":3306,"process-name":"sysdb_svr_admin"},{"process-cpu-fifteen-minute":0,"process-cpu-five-minute":0,"process-cpu-one-minute":0,"process-id":3309,"process-name":"ltrace_server"},{"process-cpu-fifteen-minute":0,"process-cpu-five-minute":0,"process-cpu-one-minute":0,"process-id":3330,"process-name":"ssh_key_server"},{"process-cpu-fifteen-minute":0,"process-cpu-five-minute":0,"process-cpu-one-minute":0,"process-id":3343,"process-name":"ltrace_sync"},{"process-cpu-fifteen-minute":0,"process-cpu-five-minute":0,"process-cpu-one-minute":0,"process-id":3371,"process-name":"debug_d_admin"},{"process-cpu-fifteen-minute":0,"process-cpu-five-minute":0,"process-cpu-one-minute":0,"process-id":3402,"process-name":"resmon"},{"process-cpu-fifteen-minute":0,"process-cpu-five-minute":0,"process-cpu-one-minute":0,"process-id":3422,"process-name":"nrssvr"},{"process-cpu-fifteen-minute":0,"process-cpu-five-minute":0,"process-cpu-one-minute":0,"process-id":3439,"process-name":"sld"},{"process-cpu-fifteen-minute":0,"process-cpu-five-minute":0,"process-cpu-one-minute":0,"process-id":3444,"process-name":"early_fast_discard_main"},{"process-cpu-fifteen-minute":0,"process-cpu-five-minute":0,"process-cpu-one-minute":0,"process-id":3446,"process-name":"rmf_svr"},{"process-cpu-fifteen-minute":0,"process-cpu-five-minute":0,"process-cpu-one-minute":0,"process-id":3447,"process-name":"early_fast_discard_verifier"},{"process-cpu-fifteen-minute":0,"process-cpu-five-minute":0,"process-cpu-one-minute":0,"process-id":3452,"process-name":"bag_schema_svr"},{"process-cpu-fifteen-minute":0,"process-cpu-five-minute":0,"process-cpu-one-minute":0,"process-id":3496,"process-name":"sysdb_svr_local"},{"process-cpu-fifteen-minute":0,"process-cpu-five-minute":0,"process-cpu-one-minute":0,"process-id":3530,"process-name":"eem_ed_sysmgr"},{"process-cpu-fifteen-minute":0,"process-cpu-five-minute":0,"process-cpu-one-minute":0,"process-id":3537,"process-name":"enf_broker"},{"process-cpu-fifteen-minute":0,"process-cpu-five-minute":0,"process-cpu-one-minute":0,"process-id":3541,"process-name":"ssh_key_client"},{"process-cpu-fifteen-minute":0,"process-cpu-five-minute":0,"process-cpu-one-minute":0,"process-id":3550,"process-name":"uvf_dumper"},{"process-cpu-fifteen-minute":0,"process-cpu-five-minute":0,"process-cpu-one-minute":0,"process-id":3556,"process-name":"uvf_mgr"},{"process-cpu-fifteen-minute":0,"process-cpu-five-minute":0,"process-cpu-one-minute":0,"process-id":3558,"process-name":"gsp"},{"process-cpu-fifteen-minute":0,"process-cpu-five-minute":0,"process-cpu-one-minute":0,"process-id":3571,"process-name":"meminfo_svr"},{"process-cpu-fifteen-minute":0,"process-cpu-five-minute":0,"process-cpu-one-minute":0,"process-id":3580,"process-name":"showd_server"},{"process-cpu-fifteen-minute":0,"process-cpu-five-minute":0,"process-cpu-one-minute":0,"process-id":3602,"process-name":"tamfs"},{"process-cpu-fifteen-minute":0,"process-cpu-five-minute":0,"process-cpu-one-minute":0,"process-id":3609,"process-name":"aipc_cleaner"},{"process-cpu-fifteen-minute":0,"process-cpu-five-minute":0,"process-cpu-one-minute":0,"process-id":3623,"process-name":"rdsfs_svr"},{"process-cpu-fifteen-minute":0,"process-cpu-five-minute":0,"process-cpu-one-minute":0,"process-id":3626,"process-name":"wdsysmon_fd_edm"},{"process-cpu-fifteen-minute":0,"process-cpu-five-minute":0,"process-cpu-one-minute":0,"process-id":3642,"process-name":"sysdb_mc"},{"process-cpu-fifteen-minute":0,"process-cpu-five-minute":0,"process-cpu-one-minute":0,"process-id":3645,"process-name":"bundlemgr_checker"},{"process-cpu-fifteen-minute":0,"process-cpu-five-minute":0,"process-cpu-one-minute":0,"process-id":3663,"process-name":"cfgmgr-rp"},{"process-cpu-fifteen-minute":0,"process-cpu-five-minute":0,"process-cpu-one-minute":0,"process-id":3669,"process-name":"parser_server"},{"process-cpu-fifteen-minute":0,"process-cpu-five-minute":0,"process-cpu-one-minute":0,"process-id":3712,"process-name":"dpc_rm_svr"},{"process-cpu-fifteen-minute":0,"process-cpu-five-minute":0,"process-cpu-one-minute":0,"process-id":3719,"process-name":"nvgen_server"},{"process-cpu-fifteen-minute":0,"process-cpu-five-minute":0,"process-cpu-one-minute":0,"process-id":3732,"process-name":"timezone_config"},{"process-cpu-fifteen-minute":0,"process-cpu-five-minute":0,"process-cpu-one-minute":0,"process-id":3733,"process-name":"cerrno_server"},{"process-cpu-fifteen-minute":0,"process-cpu-five-minute":0,"process-cpu-one-minute":0,"process-id":3734,"process-name":"sunstone_stats_svr"},{"process-cpu-fifteen-minute":0,"process-cpu-five-minute":0,"process-cpu-one-minute":0,"process-id":3751,"process-name":"media_server"},{"process-cpu-fifteen-minute":0,"process-cpu-five-minute":0,"process-cpu-one-minute":0,"process-id":3756,"process-name":"procfs_server"},{"process-cpu-fifteen-minute":0,"process-cpu-five-minute":0,"process-cpu-one-minute":0,"process-id":3761,"process-name":"sdr_instagt"},{"process-cpu-fifteen-minute":0,"process-cpu-five-minute":0,"process-cpu-one-minute":0,"process-id":4058,"process-name":"ifmgr"},{"process-cpu-fifteen-minute":0,"process-cpu-five-minute":0,"process-cpu-one-minute":0,"process-id":4060,"process-name":"netio"},{"process-cpu-fifteen-minute":0,"process-cpu-five-minute":0,"process-cpu-one-minute":0,"process-id":4061,"process-name":"placed"},{"process-cpu-fifteen-minute":0,"process-cpu-five-minute":0,"process-cpu-one-minute":0,"process-id":4064,"process-name":"ifindex_server"},{"process-cpu-fifteen-minute":0,"process-cpu-five-minute":0,"process-cpu-one-minute":0,"process-id":4067,"process-name":"lpts_pa"},{"process-cpu-fifteen-minute":0,"process-cpu-five-minute":0,"process-cpu-one-minute":0,"process-id":4069,"process-name":"alarm-logger"},{"process-cpu-fifteen-minute":0,"process-cpu-five-minute":0,"process-cpu-one-minute":0,"process-id":4070,"process-name":"calv_alarm_mgr"},{"process-cpu-fifteen-minute":0,"process-cpu-five-minute":0,"process-cpu-one-minute":0,"process-id":4071,"process-name":"eth_mgmt"},{"process-cpu-fifteen-minute":0,"process-cpu-five-minute":0,"process-cpu-one-minute":0,"process-id":4072,"process-name":"fsm"},{"process-cpu-fifteen-minute":0,"process-cpu-five-minute":0,"process-cpu-one-minute":0,"process-id":4073,"process-name":"fwd_driver_partner"},{"process-cpu-fifteen-minute":0,"process-cpu-five-minute":0,"process-cpu-one-minute":0,"process-id":4074,"process-name":"locald_DLRSC"},{"process-cpu-fifteen-minute":0,"process-cpu-five-minute":0,"process-cpu-one-minute":0,"process-id":4083,"process-name":"mempool_edm"},{"process-cpu-fifteen-minute":0,"process-cpu-five-minute":0,"process-cpu-one-minute":0,"process-id":4106,"process-name":"ncd"},{"process-cpu-fifteen-minute":0,"process-cpu-five-minute":0,"process-cpu-one-minute":0,"process-id":4122,"process-name":"nd_partner"},{"process-cpu-fifteen-minute":0,"process-cpu-five-minute":0,"process-cpu-one-minute":0,"process-id":4124,"process-name":"nsr_fo"},{"process-cpu-fifteen-minute":0,"process-cpu-five-minute":0,"process-cpu-one-minute":0,"process-id":4129,"process-name":"nsr_ping_reply"},{"process-cpu-fifteen-minute":0,"process-cpu-five-minute":0,"process-cpu-one-minute":0,"process-id":4136,"process-name":"qos_ma_ea"},{"process-cpu-fifteen-minute":0,"process-cpu-five-minute":0,"process-cpu-one-minute":0,"process-id":4163,"process-name":"bcdl_agent"},{"process-cpu-fifteen-minute":0,"process-cpu-five-minute":0,"process-cpu-one-minute":0,"process-id":4170,"process-name":"rmf_cli_edm"},{"process-cpu-fifteen-minute":0,"process-cpu-five-minute":0,"process-cpu-one-minute":0,"process-id":4175,"process-name":"rsi_agent"},{"process-cpu-fifteen-minute":0,"process-cpu-five-minute":0,"process-cpu-one-minute":0,"process-id":4177,"process-name":"rsi_master"},{"process-cpu-fifteen-minute":0,"process-cpu-five-minute":0,"process-cpu-one-minute":0,"process-id":4182,"process-name":"sh_proc_mem_edm"},{"process-cpu-fifteen-minute":0,"process-cpu-five-minute":0,"process-cpu-one-minute":0,"process-id":4185,"process-name":"sysmgr_show_proc_all_edm"},{"process-cpu-fifteen-minute":0,"process-cpu-five-minute":0,"process-cpu-one-minute":0,"process-id":4192,"process-name":"tty_show_users_edm"},{"process-cpu-fifteen-minute":0,"process-cpu-five-minute":0,"process-cpu-one-minute":0,"process-id":4198,"process-name":"tunnel_ea"},{"process-cpu-fifteen-minute":0,"process-cpu-five-minute":0,"process-cpu-one-minute":0,"process-id":4203,"process-name":"mpls_io_ea"},{"process-cpu-fifteen-minute":0,"process-cpu-five-minute":0,"process-cpu-one-minute":0,"process-id":4220,"process-name":"aib"},{"process-cpu-fifteen-minute":0,"process-cpu-five-minute":0,"process-cpu-one-minute":0,"process-id":4227,"process-name":"bundlemgr_adj"},{"process-cpu-fifteen-minute":0,"process-cpu-five-minute":0,"process-cpu-one-minute":0,"process-id":4241,"process-name":"statsd_server"},{"process-cpu-fifteen-minute":0,"process-cpu-five-minute":0,"process-cpu-one-minute":0,"process-id":4246,"process-name":"ipv4_arm"},{"process-cpu-fifteen-minute":0,"process-cpu-five-minute":0,"process-cpu-one-minute":0,"process-id":4255,"process-name":"ipv6_arm"},{"process-cpu-fifteen-minute":0,"process-cpu-five-minute":0,"process-cpu-one-minute":0,"process-id":4262,"process-name":"ipv4_acl_mgr"},{"process-cpu-fifteen-minute":0,"process-cpu-five-minute":0,"process-cpu-one-minute":0,"process-id":4270,"process-name":"ipv6_acl_daemon"},{"process-cpu-fifteen-minute":0,"process-cpu-five-minute":0,"process-cpu-one-minute":0,"process-id":4280,"process-name":"pifibm_server_rp"},{"process-cpu-fifteen-minute":0,"process-cpu-five-minute":0,"process-cpu-one-minute":0,"process-id":4300,"process-name":"ipv4_io"},{"process-cpu-fifteen-minute":0,"process-cpu-five-minute":0,"process-cpu-one-minute":0,"process-id":4306,"process-name":"ipv4_ma"},{"process-cpu-fifteen-minute":0,"process-cpu-five-minute":0,"process-cpu-one-minute":0,"process-id":4311,"process-name":"ipv6_nd"},{"process-cpu-fifteen-minute":0,"process-cpu-five-minute":0,"process-cpu-one-minute":0,"process-id":4315,"process-name":"policymgr_rp"},{"process-cpu-fifteen-minute":0,"process-cpu-five-minute":0,"process-cpu-one-minute":0,"process-id":4329,"process-name":"fib_mgr"},{"process-cpu-fifteen-minute":0,"process-cpu-five-minute":0,"process-cpu-one-minute":0,"process-id":4337,"process-name":"ipv6_ea"},{"process-cpu-fifteen-minute":0,"process-cpu-five-minute":0,"process-cpu-one-minute":0,"process-id":4344,"process-name":"ipv6_io"},{"process-cpu-fifteen-minute":0,"process-cpu-five-minute":0,"process-cpu-one-minute":0,"process-id":4357,"process-name":"procfind"},{"process-cpu-fifteen-minute":0,"process-cpu-five-minute":0,"process-cpu-one-minute":0,"process-id":4367,"process-name":"ipv6_ma"},{"process-cpu-fifteen-minute":0,"process-cpu-five-minute":0,"process-cpu-one-minute":0,"process-id":4380,"process-name":"mpls_lsd"},{"process-cpu-fifteen-minute":0,"process-cpu-five-minute":0,"process-cpu-one-minute":0,"process-id":4383,"process-name":"bgp_policy_reg_agent"},{"process-cpu-fifteen-minute":0,"process-cpu-five-minute":0,"process-cpu-one-minute":0,"process-id":4384,"process-name":"eigrp_policy_reg_agent"},{"process-cpu-fifteen-minute":0,"process-cpu-five-minute":0,"process-cpu-one-minute":0,"process-id":4389,"process-name":"isis_policy_reg_agent"},{"process-cpu-fifteen-minute":0,"process-cpu-five-minute":0,"process-cpu-one-minute":0,"process-id":4394,"process-name":"l2vpn_policy_reg_agent"},{"process-cpu-fifteen-minute":0,"process-cpu-five-minute":0,"process-cpu-one-minute":0,"process-id":4403,"process-name":"lisp_xr_policy_reg_agent"},{"process-cpu-fifteen-minute":0,"process-cpu-five-minute":0,"process-cpu-one-minute":0,"process-id":4410,"process-name":"mldp_policy_reg_agent"},{"process-cpu-fifteen-minute":0,"process-cpu-five-minute":0,"process-cpu-one-minute":0,"process-id":4420,"process-name":"ospf_policy_reg_agent"},{"process-cpu-fifteen-minute":0,"process-cpu-five-minute":0,"process-cpu-one-minute":0,"process-id":4424,"process-name":"ospfv3_policy_reg_agent"},{"process-cpu-fifteen-minute":0,"process-cpu-five-minute":0,"process-cpu-one-minute":0,"process-id":4425,"process-name":"rip_policy_reg_agent"},{"process-cpu-fifteen-minute":0,"process-cpu-five-minute":0,"process-cpu-one-minute":0,"process-id":4430,"process-name":"bfd_agent"},{"process-cpu-fifteen-minute":0,"process-cpu-five-minute":0,"process-cpu-one-minute":0,"process-id":4443,"process-name":"debug_d"},{"process-cpu-fifteen-minute":0,"process-cpu-five-minute":0,"process-cpu-one-minute":0,"process-id":4465,"process-name":"ixdb_gc"},{"process-cpu-fifteen-minute":0,"process-cpu-five-minute":0,"process-cpu-one-minute":0,"process-id":4470,"process-name":"shelf_mgr_proxy"},{"process-cpu-fifteen-minute":0,"process-cpu-five-minute":0,"process-cpu-one-minute":0,"process-id":4498,"process-name":"ether_caps_partner"},{"process-cpu-fifteen-minute":0,"process-cpu-five-minute":0,"process-cpu-one-minute":0,"process-id":4500,"process-name":"ether_sock"},{"process-cpu-fifteen-minute":0,"process-cpu-five-minute":0,"process-cpu-one-minute":0,"process-id":4675,"process-name":"vlan_ea"},{"process-cpu-fifteen-minute":0,"process-cpu-five-minute":0,"process-cpu-one-minute":0,"process-id":4681,"process-name":"bcdls"},{"process-cpu-fifteen-minute":0,"process-cpu-five-minute":0,"process-cpu-one-minute":0,"process-id":4686,"process-name":"bcdls"},{"process-cpu-fifteen-minute":0,"process-cpu-five-minute":0,"process-cpu-one-minute":0,"process-id":4836,"process-name":"kim"},{"process-cpu-fifteen-minute":0,"process-cpu-five-minute":0,"process-cpu-one-minute":0,"process-id":4838,"process-name":"ipv4_rump"},{"process-cpu-fifteen-minute":0,"process-cpu-five-minute":0,"process-cpu-one-minute":0,"process-id":4839,"process-name":"telemetry_encoder"},{"process-cpu-fifteen-minute":0,"process-cpu-five-minute":0,"process-cpu-one-minute":0,"process-id":4840,"process-name":"tty_verifyd"},{"process-cpu-fifteen-minute":0,"process-cpu-five-minute":0,"process-cpu-one-minute":0,"process-id":4841,"process-name":"ipv6_rump"},{"process-cpu-fifteen-minute":0,"process-cpu-five-minute":0,"process-cpu-one-minute":0,"process-id":4843,"process-name":"python_process_manager"},{"process-cpu-fifteen-minute":0,"process-cpu-five-minute":0,"process-cpu-one-minute":0,"process-id":4848,"process-name":"ftp_fs"},{"process-cpu-fifteen-minute":0,"process-cpu-five-minute":0,"process-cpu-one-minute":0,"process-id":4849,"process-name":"ethernet_stats_controller_edm"},{"process-cpu-fifteen-minute":0,"process-cpu-five-minute":0,"process-cpu-one-minute":0,"process-id":4850,"process-name":"domain_services"},{"process-cpu-fifteen-minute":0,"process-cpu-five-minute":0,"process-cpu-one-minute":0,"process-id":4851,"process-name":"bgp_epe"},{"process-cpu-fifteen-minute":0,"process-cpu-five-minute":0,"process-cpu-one-minute":0,"process-id":4852,"process-name":"bfd"},{"process-cpu-fifteen-minute":0,"process-cpu-five-minute":0,"process-cpu-one-minute":0,"process-id":4853,"process-name":"bundlemgr_distrib"},{"process-cpu-fifteen-minute":0,"process-cpu-five-minute":0,"process-cpu-one-minute":0,"process-id":4854,"process-name":"auto_ip_ring"},{"process-cpu-fifteen-minute":0,"process-cpu-five-minute":0,"process-cpu-one-minute":0,"process-id":4855,"process-name":"ipv6_local"},{"process-cpu-fifteen-minute":0,"process-cpu-five-minute":0,"process-cpu-one-minute":0,"process-id":4856,"process-name":"ipv6_connected"},{"process-cpu-fifteen-minute":0,"process-cpu-five-minute":0,"process-cpu-one-minute":0,"process-id":4857,"process-name":"ipv4_local"},{"process-cpu-fifteen-minute":0,"process-cpu-five-minute":0,"process-cpu-one-minute":0,"process-id":4858,"process-name":"ipv4_connected"},{"process-cpu-fifteen-minute":0,"process-cpu-five-minute":0,"process-cpu-one-minute":0,"process-id":4859,"process-name":"eth_gl_cfg"},{"process-cpu-fifteen-minute":0,"process-cpu-five-minute":0,"process-cpu-one-minute":0,"process-id":4860,"process-name":"ipv6_mpa"},{"process-cpu-fifteen-minute":0,"process-cpu-five-minute":0,"process-cpu-one-minute":0,"process-id":4861,"process-name":"ipv4_mpa"},{"process-cpu-fifteen-minute":0,"process-cpu-five-minute":0,"process-cpu-one-minute":0,"process-id":4862,"process-name":"policy_repository"},{"process-cpu-fifteen-minute":0,"process-cpu-five-minute":0,"process-cpu-one-minute":0,"process-id":4863,"process-name":"ipv6_rib"},{"process-cpu-fifteen-minute":0,"process-cpu-five-minute":0,"process-cpu-one-minute":0,"process-id":4864,"process-name":"ipv4_rib"},{"process-cpu-fifteen-minute":0,"process-cpu-five-minute":0,"process-cpu-one-minute":0,"process-id":4866,"process-name":"nfmgr"},{"process-cpu-fifteen-minute":0,"process-cpu-five-minute":0,"process-cpu-one-minute":0,"process-id":4867,"process-name":"statsd_manager_g"},{"process-cpu-fifteen-minute":0,"process-cpu-five-minute":0,"process-cpu-one-minute":0,"process-id":4872,"process-name":"intf_mgbl"},{"process-cpu-fifteen-minute":0,"process-cpu-five-minute":0,"process-cpu-one-minute":0,"process-id":4873,"process-name":"mpls_static"},{"process-cpu-fifteen-minute":0,"process-cpu-five-minute":0,"process-cpu-one-minute":0,"process-id":4888,"process-name":"ztp_cfg"},{"process-cpu-fifteen-minute":0,"process-cpu-five-minute":0,"process-cpu-one-minute":0,"process-id":4898,"process-name":"ema_server_sdr"},{"process-cpu-fifteen-minute":0,"process-cpu-five-minute":0,"process-cpu-one-minute":0,"process-id":4907,"process-name":"l2fib_mgr"},{"process-cpu-fifteen-minute":0,"process-cpu-five-minute":0,"process-cpu-one-minute":0,"process-id":4910,"process-name":"l2rib"},{"process-cpu-fifteen-minute":0,"process-cpu-five-minute":0,"process-cpu-one-minute":0,"process-id":4921,"process-name":"pfilter_ea"},{"process-cpu-fifteen-minute":0,"process-cpu-five-minute":0,"process-cpu-one-minute":0,"process-id":4930,"process-name":"sconbkup"},{"process-cpu-fifteen-minute":0,"process-cpu-five-minute":0,"process-cpu-one-minute":0,"process-id":4946,"process-name":"ipv6_assembler"},{"process-cpu-fifteen-minute":0,"process-cpu-five-minute":0,"process-cpu-one-minute":0,"process-id":4956,"process-name":"mpls_fwd_show_proxy"},{"process-cpu-fifteen-minute":0,"process-cpu-five-minute":0,"process-cpu-one-minute":0,"process-id":4958,"process-name":"shcfghistory-edm"},{"process-cpu-fifteen-minute":0,"process-cpu-five-minute":0,"process-cpu-one-minute":0,"process-id":4959,"process-name":"statsd_manager_l"},{"process-cpu-fifteen-minute":0,"process-cpu-five-minute":0,"process-cpu-one-minute":0,"process-id":4968,"process-name":"mpls_io"},{"process-cpu-fifteen-minute":0,"process-cpu-five-minute":0,"process-cpu-one-minute":0,"process-id":4985,"process-name":"ntpd"},{"process-cpu-fifteen-minute":0,"process-cpu-five-minute":0,"process-cpu-one-minute":0,"process-id":5000,"process-name":"nfma"},{"process-cpu-fifteen-minute":0,"process-cpu-five-minute":0,"process-cpu-one-minute":0,"process-id":5020,"process-name":"clns"},{"process-cpu-fifteen-minute":0,"process-cpu-five-minute":0,"process-cpu-one-minute":0,"process-id":5038,"process-name":"arp"},{"process-cpu-fifteen-minute":0,"process-cpu-five-minute":0,"process-cpu-one-minute":0,"process-id":5046,"process-name":"ip_aps"},{"process-cpu-fifteen-minute":0,"process-cpu-five-minute":0,"process-cpu-one-minute":0,"process-id":5051,"process-name":"raw_ip"},{"process-cpu-fifteen-minute":0,"process-cpu-five-minute":0,"process-cpu-one-minute":0,"process-id":5055,"process-name":"tcp"},{"process-cpu-fifteen-minute":0,"process-cpu-five-minute":0,"process-cpu-one-minute":0,"process-id":5074,"process-name":"udp"},{"process-cpu-fifteen-minute":0,"process-cpu-five-minute":0,"process-cpu-one-minute":0,"process-id":5089,"process-name":"fhrp_output"},{"process-cpu-fifteen-minute":0,"process-cpu-five-minute":0,"process-cpu-one-minute":0,"process-id":5100,"process-name":"l2snoop"},{"process-cpu-fifteen-minute":0,"process-cpu-five-minute":0,"process-cpu-one-minute":0,"process-id":5115,"process-name":"ip_app"},{"process-cpu-fifteen-minute":0,"process-cpu-five-minute":0,"process-cpu-one-minute":0,"process-id":5121,"process-name":"cinetd"},{"process-cpu-fifteen-minute":0,"process-cpu-five-minute":0,"process-cpu-one-minute":0,"process-id":5130,"process-name":"devc-vty"},{"process-cpu-fifteen-minute":0,"process-cpu-five-minute":0,"process-cpu-one-minute":0,"process-id":5138,"process-name":"bundlemgr_local"},{"process-cpu-fifteen-minute":0,"process-cpu-five-minute":0,"process-cpu-one-minute":0,"process-id":5142,"process-name":"tftp_fs"},{"process-cpu-fifteen-minute":0,"process-cpu-five-minute":0,"process-cpu-one-minute":0,"process-id":5147,"process-name":"vi_config_replicator"},{"process-cpu-fifteen-minute":0,"process-cpu-five-minute":0,"process-cpu-one-minute":0,"process-id":5153,"process-name":"eem_server"},{"process-cpu-fifteen-minute":0,"process-cpu-five-minute":0,"process-cpu-one-minute":0,"process-id":5176,"process-name":"showd_lc"},{"process-cpu-fifteen-minute":0,"process-cpu-five-minute":0,"process-cpu-one-minute":0,"process-id":5183,"process-name":"tcl_secure_mode"},{"process-cpu-fifteen-minute":0,"process-cpu-five-minute":0,"process-cpu-one-minute":0,"process-id":5191,"process-name":"lpts_fm"},{"process-cpu-fifteen-minute":0,"process-cpu-five-minute":0,"process-cpu-one-minute":0,"process-id":5213,"process-name":"eem_policy_dir"},{"process-cpu-fifteen-minute":0,"process-cpu-five-minute":0,"process-cpu-one-minute":0,"process-id":5218,"process-name":"eem_ed_config"},{"process-cpu-fifteen-minute":0,"process-cpu-five-minute":0,"process-cpu-one-minute":0,"process-id":5231,"process-name":"eem_ed_counter"},{"process-cpu-fifteen-minute":0,"process-cpu-five-minute":0,"process-cpu-one-minute":0,"process-id":5241,"process-name":"eem_ed_generic"},{"process-cpu-fifteen-minute":0,"process-cpu-five-minute":0,"process-cpu-one-minute":0,"process-id":5249,"process-name":"eem_ed_nd"},{"process-cpu-fifteen-minute":0,"process-cpu-five-minute":0,"process-cpu-one-minute":0,"process-id":5254,"process-name":"bcdls"},{"process-cpu-fifteen-minute":0,"process-cpu-five-minute":0,"process-cpu-one-minute":0,"process-id":5260,"process-name":"eem_ed_none"},{"process-cpu-fifteen-minute":0,"process-cpu-five-minute":0,"process-cpu-one-minute":0,"process-id":5263,"process-name":"eem_ed_stats"},{"process-cpu-fifteen-minute":0,"process-cpu-five-minute":0,"process-cpu-one-minute":0,"process-id":5270,"process-name":"eem_ed_syslog"},{"process-cpu-fifteen-minute":0,"process-cpu-five-minute":0,"process-cpu-one-minute":0,"process-id":5279,"process-name":"eem_ed_test"},{"process-cpu-fifteen-minute":0,"process-cpu-five-minute":0,"process-cpu-one-minute":0,"process-id":5289,"process-name":"eem_ed_timer"},{"process-cpu-fifteen-minute":0,"process-cpu-five-minute":0,"process-cpu-one-minute":0,"process-id":5295,"process-name":"object_tracking"},{"process-cpu-fifteen-minute":0,"process-cpu-five-minute":0,"process-cpu-one-minute":0,"process-id":5319,"process-name":"sunstone_uidb_svr"},{"process-cpu-fifteen-minute":0,"process-cpu-five-minute":0,"process-cpu-one-minute":0,"process-id":5348,"process-name":"call_home"},{"process-cpu-fifteen-minute":0,"process-cpu-five-minute":0,"process-cpu-one-minute":0,"process-id":5387,"process-name":"http_client"},{"process-cpu-fifteen-minute":0,"process-cpu-five-minute":0,"process-cpu-one-minute":0,"process-id":5402,"process-name":"plat_sl_client"},{"process-cpu-fifteen-minute":0,"process-cpu-five-minute":0,"process-cpu-one-minute":0,"process-id":5419,"process-name":"smartlicserver"},{"process-cpu-fifteen-minute":0,"process-cpu-five-minute":0,"process-cpu-one-minute":0,"process-id":5804,"process-name":"bcdls"},{"process-cpu-fifteen-minute":0,"process-cpu-five-minute":0,"process-cpu-one-minute":0,"process-id":5993,"process-name":"bcdls"},{"process-cpu-fifteen-minute":0,"process-cpu-five-minute":0,"process-cpu-one-minute":0,"process-id":6063,"process-name":"redstatsd"},{"process-cpu-fifteen-minute":0,"process-cpu-five-minute":0,"process-cpu-one-minute":0,"process-id":6064,"process-name":"cmp_edm"},{"process-cpu-fifteen-minute":0,"process-cpu-five-minute":0,"process-cpu-one-minute":0,"process-id":6065,"process-name":"es_acl_act_agent"},{"process-cpu-fifteen-minute":0,"process-cpu-five-minute":0,"process-cpu-one-minute":0,"process-id":6066,"process-name":"fib_stats_edm_sunstone"},{"process-cpu-fifteen-minute":0,"process-cpu-five-minute":0,"process-cpu-one-minute":0,"process-id":6067,"process-name":"imaedm_server"},{"process-cpu-fifteen-minute":0,"process-cpu-five-minute":0,"process-cpu-one-minute":0,"process-id":6068,"process-name":"ipodwdm"},{"process-cpu-fifteen-minute":0,"process-cpu-five-minute":0,"process-cpu-one-minute":0,"process-id":6069,"process-name":"ipv4_acl_act_agent"},{"process-cpu-fifteen-minute":0,"process-cpu-five-minute":0,"process-cpu-one-minute":0,"process-id":6070,"process-name":"ipv6_acl_cfg_agent"},{"process-cpu-fifteen-minute":0,"process-cpu-five-minute":0,"process-cpu-one-minute":0,"process-id":6075,"process-name":"linux_nto_misc_showd"},{"process-cpu-fifteen-minute":0,"process-cpu-five-minute":0,"process-cpu-one-minute":0,"process-id":6076,"process-name":"local_sock"},{"process-cpu-fifteen-minute":0,"process-cpu-five-minute":0,"process-cpu-one-minute":0,"process-id":6079,"process-name":"mpls_vpn_mib"},{"process-cpu-fifteen-minute":0,"process-cpu-five-minute":0,"process-cpu-one-minute":0,"process-id":6080,"process-name":"netio_debug_partner"},{"process-cpu-fifteen-minute":0,"process-cpu-five-minute":0,"process-cpu-one-minute":0,"process-id":6084,"process-name":"pak_capture_partner"},{"process-cpu-fifteen-minute":0,"process-cpu-five-minute":0,"process-cpu-one-minute":0,"process-id":6092,"process-name":"pam_manager"},{"process-cpu-fifteen-minute":0,"process-cpu-five-minute":0,"process-cpu-one-minute":0,"process-id":6096,"process-name":"pbr_ea"},{"process-cpu-fifteen-minute":0,"process-cpu-five-minute":0,"process-cpu-one-minute":0,"process-id":6097,"process-name":"pfilter_ma"},{"process-cpu-fifteen-minute":0,"process-cpu-five-minute":0,"process-cpu-one-minute":0,"process-id":6104,"process-name":"pm_server"},{"process-cpu-fifteen-minute":0,"process-cpu-five-minute":0,"process-cpu-one-minute":0,"process-id":6110,"process-name":"spio_ea"},{"process-cpu-fifteen-minute":0,"process-cpu-five-minute":0,"process-cpu-one-minute":0,"process-id":6117,"process-name":"spio_ma"},{"process-cpu-fifteen-minute":0,"process-cpu-five-minute":0,"process-cpu-one-minute":0,"process-id":6122,"process-name":"ssm_process"},{"process-cpu-fifteen-minute":0,"process-cpu-five-minute":0,"process-cpu-one-minute":0,"process-id":6126,"process-name":"sunstone_if_driver"},{"process-cpu-fifteen-minute":0,"process-cpu-five-minute":0,"process-cpu-one-minute":0,"process-id":6197,"process-name":"pm_collector"},{"process-cpu-fifteen-minute":0,"process-cpu-five-minute":0,"process-cpu-one-minute":0,"process-id":6610,"process-name":"wanphy_proc"},{"process-cpu-fifteen-minute":0,"process-cpu-five-minute":0,"process-cpu-one-minute":0,"process-id":6611,"process-name":"snmppingd"},{"process-cpu-fifteen-minute":0,"process-cpu-five-minute":0,"process-cpu-one-minute":0,"process-id":6612,"process-name":"sdr_instmgr"},{"process-cpu-fifteen-minute":0,"process-cpu-five-minute":0,"process-cpu-one-minute":0,"process-id":6613,"process-name":"schema_server"},{"process-cpu-fifteen-minute":0,"process-cpu-five-minute":0,"process-cpu-one-minute":0,"process-id":6614,"process-name":"httpd_config_proxy"},{"process-cpu-fifteen-minute":0,"process-cpu-five-minute":0,"process-cpu-one-minute":0,"process-id":6615,"process-name":"cmpp"},{"process-cpu-fifteen-minute":0,"process-cpu-five-minute":0,"process-cpu-one-minute":0,"process-id":6616,"process-name":"l2vpn_mgr"},{"process-cpu-fifteen-minute":0,"process-cpu-five-minute":0,"process-cpu-one-minute":0,"process-id":6617,"process-name":"rt_check_mgr"},{"process-cpu-fifteen-minute":0,"process-cpu-five-minute":0,"process-cpu-one-minute":0,"process-id":6618,"process-name":"es_acl_mgr"},{"process-cpu-fifteen-minute":0,"process-cpu-five-minute":0,"process-cpu-one-minute":0,"process-id":6625,"process-name":"mpls_ldp"},{"process-cpu-fifteen-minute":0,"process-cpu-five-minute":0,"process-cpu-one-minute":0,"process-id":6636,"process-name":"vservice_mgr"},{"process-cpu-fifteen-minute":0,"process-cpu-five-minute":0,"process-cpu-one-minute":0,"process-id":6641,"process-name":"qos_ma"},{"process-cpu-fifteen-minute":0,"process-cpu-five-minute":0,"process-cpu-one-minute":0,"process-id":6644,"process-name":"pbr_ma"},{"process-cpu-fifteen-minute":0,"process-cpu-five-minute":0,"process-cpu-one-minute":0,"process-id":7036,"process-name":"cdp_mgr"},{"process-cpu-fifteen-minute":0,"process-cpu-five-minute":0,"process-cpu-one-minute":0,"process-id":7037,"process-name":"rsvp"},{"process-cpu-fifteen-minute":0,"process-cpu-five-minute":0,"process-cpu-one-minute":0,"process-id":7045,"process-name":"bpm"},{"process-cpu-fifteen-minute":0,"process-cpu-five-minute":0,"process-cpu-one-minute":0,"process-id":7180,"process-name":"emsd"},{"process-cpu-fifteen-minute":0,"process-cpu-five-minute":0,"process-cpu-one-minute":0,"process-id":7183,"process-name":"te_control"},{"process-cpu-fifteen-minute":0,"process-cpu-five-minute":0,"process-cpu-one-minute":0,"process-id":7327,"process-name":"bgp"},{"process-cpu-fifteen-minute":0,"process-cpu-five-minute":0,"process-cpu-one-minute":0,"process-id":7335,"process-name":"isis"},{"process-cpu-fifteen-minute":0,"process-cpu-five-minute":0,"process-cpu-one-minute":0,"process-id":7340,"process-name":"isis_uv"},{"process-cpu-fifteen-minute":0,"process-cpu-five-minute":0,"process-cpu-one-minute":0,"process-id":7605,"process-name":"perl"},{"process-cpu-fifteen-minute":0,"process-cpu-five-minute":0,"process-cpu-one-minute":0,"process-id":7671,"process-name":"perl"},{"process-cpu-fifteen-minute":0,"process-cpu-five-minute":0,"process-cpu-one-minute":0,"process-id":7836,"process-name":"perl"},{"process-cpu-fifteen-minute":0,"process-cpu-five-minute":0,"process-cpu-one-minute":0,"process-id":7940,"process-name":"ospf_uv"},{"process-cpu-fifteen-minute":0,"process-cpu-five-minute":0,"process-cpu-one-minute":0,"process-id":7942,"process-name":"ospf"},{"process-cpu-fifteen-minute":0,"process-cpu-five-minute":0,"process-cpu-one-minute":0,"process-id":8231,"process-name":"loopback_caps_partner"},{"process-cpu-fifteen-minute":1,"process-cpu-five-minute":1,"process-cpu-one-minute":1,"process-id":8274,"process-name":"sdr_mgbl_proxy"},{"process-cpu-fifteen-minute":0,"process-cpu-five-minute":0,"process-cpu-one-minute":0,"process-id":8450,"process-name":"eth_intf_ma"},{"process-cpu-fifteen-minute":0,"process-cpu-five-minute":0,"process-cpu-one-minute":0,"process-id":8466,"process-name":"cdp"},{"process-cpu-fifteen-minute":0,"process-cpu-five-minute":0,"process-cpu-one-minute":0,"process-id":8503,"process-name":"eth_intf_ea"},{"process-cpu-fifteen-minute":0,"process-cpu-five-minute":0,"process-cpu-one-minute":0,"process-id":19201,"process-name":"sleep"},{"process-cpu-fifteen-minute":0,"process-cpu-five-minute":0,"process-cpu-one-minute":0,"process-id":19206,"process-name":"exec"},{"process-cpu-fifteen-minute":0,"process-cpu-five-minute":0,"process-cpu-one-minute":0,"process-id":19264,"process-name":"sleep"},{"process-cpu-fifteen-minute":0,"process-cpu-five-minute":0,"process-cpu-one-minute":0,"process-id":19287,"process-name":"config"}],"total-cpu-fifteen-minute":2,"total-cpu-five-minute":2,"total-cpu-one-minute":3}}]}]
